{"stat.useItem.emomod.wood_nightstand_jungle":1,"stat.useItem.emomod.wood_nightstand_acacia":1,"stat.drop.emomod.berry_strawberry_choco":1,"stat.useItem.emomod.dark_oak_trapdoor":1,"stat.walkOneCm":43745,"stat.drop.emomod.bag":1,"stat.useItem.emomod.wood_nightstand_atlas":1,"stat.useItem.emomod.wood_nightstand_cherry":6,"stat.useItem.emomod.acacia_trapdoor":1,"stat.useItem.emomod.staff_red":1,"stat.leaveGame":1,"stat.useItem.emomod.bush_simple":5,"stat.useItem.emomod.staff_green":2,"stat.useItem.emomod.stone_chair":9,"stat.useItem.emomod.sapling":5,"stat.useItem.emomod.orange_trapdoor":1,"stat.useItem.emomod.wood_chair":17,"stat.useItem.emomod.wood_table_orange":3,"stat.useItem.emomod.wood_table_big_oak":3,"stat.useItem.emomod.wood_table_pine":3,"stat.jump":46,"stat.swimOneCm":104,"stat.useItem.emomod.wood_nightstand_birch":1,"stat.fallOneCm":923,"stat.useItem.emomod.wood_nightstand_orange":1,"stat.useItem.emomod.wood_table_birch":12,"stat.useItem.emomod.wood_table_pear":4,"stat.pickup.emomod.fossil":1,"stat.useItem.emomod.wood_nightstand_coco":1,"stat.crouchOneCm":2134,"stat.useItem.emomod.wood_nightstand_dream":1,"stat.useItem.minecraft.stone_slab2":8,"stat.useItem.emomod.wood_table_dream":3,"stat.useItem.emomod.atlas_trapdoor":1,"stat.pickup.emomod.bag":1,"stat.useItem.emomod.stone_table_brick":17,"stat.useItem.emomod.pine_trapdoor":1,"stat.useItem.emomod.cherry_boat":3,"stat.useItem.emomod.pot":15,"stat.useItem.emomod.atlas_boat":1,"stat.useItem.emomod.wood_nightstand_big_oak":1,"stat.useItem.emomod.stone_table_cobblestone":3,"stat.useItem.emomod.dream_trapdoor":1,"stat.useItem.emomod.coco_trapdoor":1,"stat.useItem.emomod.wood_table_acacia":3,"stat.useItem.emomod.flower":12,"stat.useItem.emomod.wood_table_jungle":3,"stat.useItem.emomod.wood_table_spruce":5,"stat.useItem.emomod.spruce_trapdoor":1,"stat.damageTaken":160,"stat.useItem.emomod.pear_trapdoor":1,"stat.useItem.emomod.lume_ore":1,"stat.useItem.emomod.wood_table_coco":11,"stat.useItem.emomod.birch_trapdoor":1,"stat.useItem.emomod.box":1,"stat.useItem.emomod.stone_table_mossy_stonebrick":3,"stat.useItem.emomod.staff_blue":5,"stat.useItem.emomod.wood_table_atlas":3,"stat.useItem.emomod.wood_nightstand_pear":1,"stat.useItem.minecraft.dye":13,"stat.useItem.emomod.wood_table_cherry":13,"stat.useItem.emomod.stone_table_stonebrick":4,"stat.flyOneCm":38711,"stat.useItem.emomod.stone_table_cracked_stonebrick":8,"stat.useItem.emomod.wood_nightstand_oak":1,"stat.drop":3,"stat.useItem.emomod.wood_nightstand_pine":1,"stat.playOneMinute":25847,"stat.useItem.emomod.dream_boat":1,"stat.useItem.emomod.pine_boat":1,"stat.sneakTime":573,"stat.damageDealt":20,"stat.useItem.emomod.orange_boat":1,"stat.timeSinceDeath":25847,"stat.useItem.emomod.purpura_block":1,"stat.useItem.emomod.coco_boat":1,"stat.useItem.minecraft.spawn_egg":12,"stat.useItem.emomod.jungle_trapdoor":1,"stat.useItem.emomod.cherry_trapdoor":1,"stat.diveOneCm":211,"stat.useItem.emomod.wood_nightstand_spruce":1,"stat.useItem.emomod.stone_table_mossy_cobblestone":3,"stat.drop.emomod.fossil":1}