{"stat.useItem.emomod.seed_cherry":1,"stat.useItem.minecraft.diamond_hoe":8,"stat.walkOneCm":1436,"stat.pickup.emomod.seed_tomato":3,"stat.leaveGame":1,"stat.useItem.emomod.seed_orange":1,"stat.pickup.emomod.seed_pear":1,"stat.useItem.emomod.seed_tomato":1,"stat.useItem.minecraft.dye":13,"stat.pickup.minecraft.dye":65,"stat.pickup.emomod.fruit_pear":1,"stat.drop":1,"stat.playOneMinute":3001,"stat.pickup.emomod.fruit_tomato":1,"stat.useItem.emomod.seed_pear":1,"stat.drop.minecraft.dye":1,"stat.sneakTime":9,"stat.pickup.emomod.seed_apple":2,"stat.crouchOneCm":36,"stat.timeSinceDeath":3001,"stat.pickup.emomod.seed_orange":1,"stat.useItem.minecraft.spawn_egg":6,"stat.pickup.minecraft.apple":1,"stat.useItem.emomod.seed_apple":1,"stat.useItem.minecraft.water_bucket":1}