{"stat.walkOneCm":1194,"stat.craftItem.minecraft.stained_hardened_clay":2,"stat.playOneMinute":16497,"stat.craftItem.emomod.atlas_trapdoor":2,"stat.leaveGame":1,"stat.sneakTime":3,"stat.craftItem.emomod.orange_clay_stairs":4,"stat.timeSinceDeath":16497,"stat.pickup.emomod.orange_clay_double_slab":64,"stat.craftItem.emomod.magenta_clay_stairs":4,"stat.useItem.emomod.cyan_clay_double_slab":1,"stat.sprintOneCm":38,"stat.pickup.minecraft.stained_hardened_clay":256,"stat.useItem.minecraft.stone_slab2":3,"stat.craftingTableInteraction":8}